{"stats":{"minecraft:custom":{"minecraft:mob_kills":30,"minecraft:animals_bred":2,"minecraft:interact_with_crafting_table":45,"minecraft:open_barrel":7,"minecraft:interact_with_campfire":2,"minecraft:leave_game":5,"minecraft:time_since_death":26938,"minecraft:climb_one_cm":16,"minecraft:sprint_one_cm":476968,"minecraft:walk_one_cm":1011205,"minecraft:drop":11,"minecraft:talked_to_villager":6,"minecraft:play_time":346598,"minecraft:deaths":10,"minecraft:sneak_time":1221,"minecraft:walk_under_water_one_cm":12925,"minecraft:jump":2338,"minecraft:interact_with_blast_furnace":4,"minecraft:walk_on_water_one_cm":40350,"minecraft:total_world_time":346598,"minecraft:interact_with_furnace":35,"minecraft:interact_with_cartography_table":1,"minecraft:sleep_in_bed":11,"minecraft:time_since_rest":5651,"minecraft:waystone_activated":2,"minecraft:damage_taken":4510,"minecraft:damage_dealt":4628,"minecraft:swim_one_cm":30054,"minecraft:fly_one_cm":91503,"minecraft:open_chest":38,"minecraft:crouch_one_cm":242,"minecraft:fall_one_cm":34669},"minecraft:used":{"minecraft:stone_sword":178,"minecraft:stone_shovel":56,"minecraft:chest":2,"additionaladditions:rope":2,"minecraft:cooked_chicken":5,"minecraft:rotten_flesh":14,"minecraft:torch":38,"minecraft:dirt":145,"minecraft:tuff":3,"minecraft:birch_door":2,"minecraft:birch_sapling":2,"minecraft:beef":3,"minecraft:furnace":4,"minecraft:oak_sapling":1,"minecraft:cooked_beef":7,"minecraft:cobbled_deepslate":43,"minecraft:pumpkin":1,"minecraft:cooked_mutton":3,"minecraft:stone_pickaxe":154,"minecraft:wooden_pickaxe":59,"minecraft:cookie":9,"minecraft:crafting_table":9,"minecraft:birch_sign":2,"minecraft:campfire":1,"minecraft:oak_log":4,"minecraft:mud":2,"waystones:waystone":2,"minecraft:bread":3,"minecraft:iron_pickaxe":31,"minecraft:gravel":10,"minecraft:stone_axe":108,"minecraft:cobblestone":16,"minecraft:potion":32},"minecraft:picked_up":{"minecraft:mud":2,"minecraft:crafting_table":2,"minecraft:azure_bluet":5,"minecraft:chicken":5,"minecraft:potion":1,"minecraft:amethyst_block":3,"minecraft:string":13,"minecraft:raw_copper":23,"paraglider:deku_leaf":1,"minecraft:candle":4,"minecraft:cobbled_deepslate":74,"minecraft:beef":11,"minecraft:calcite":10,"biomesoplenty:redwood_wood":2,"minecraft:birch_sapling":7,"minecraft:furnace":2,"minecraft:stick":12,"minecraft:raw_iron":18,"minecraft:torch":3,"minecraft:cherry_log":15,"minecraft:pointed_dripstone":8,"minecraft:redstone":10,"minecraft:arrow":1,"minecraft:rotten_flesh":19,"minecraft:peony":5,"artifacts:cross_necklace":1,"minecraft:mutton":3,"minecraft:white_wool":1,"minecraft:cobblestone":59,"paraglider:paraglider":1,"minecraft:stripped_oak_log":4,"minecraft:birch_log":44,"minecraft:pink_petals":31,"minecraft:birch_leaves":1,"minecraft:feather":5,"minecraft:cooked_beef":5,"minecraft:leather":4,"biomesoplenty:glowshroom":2,"paraglider:spirit_orb":2,"minecraft:tuff":3,"minecraft:oak_log":13,"biomesoplenty:jacaranda_planks":1,"minecraft:wooden_hoe":1,"minecraft:dirt":151,"biomesoplenty:glowing_moss_carpet":2,"minecraft:bone":4,"minecraft:wheat_seeds":10,"additionaladditions:rope":2,"minecraft:fletching_table":1,"minecraft:oak_planks":9,"minecraft:pumpkin":1,"minecraft:dandelion":2,"minecraft:dripstone_block":3,"minecraft:gravel":10,"minecraft:sand":20,"minecraft:spider_eye":2,"minecraft:dark_oak_log":36,"biomesoplenty:glowing_moss_block":7,"minecraft:mossy_cobblestone":2,"additionaladditions:watering_can":1,"waystones:waystone":2,"minecraft:cherry_sapling":7,"minecraft:gray_wool":1,"minecraft:bread":3,"biomesoplenty:pink_daffodil":4,"minecraft:oak_sapling":1,"minecraft:coal":38},"minecraft:crafted":{"minecraft:oak_planks":24,"minecraft:stone_shovel":1,"minecraft:birch_boat":1,"minecraft:cooked_chicken":5,"minecraft:furnace":3,"paraglider:deku_leaf":1,"minecraft:cooked_mutton":3,"minecraft:glass":17,"minecraft:stone_pickaxe":2,"minecraft:chest":2,"minecraft:birch_door":3,"minecraft:dark_oak_planks":12,"minecraft:birch_sign":3,"minecraft:cooked_beef":6,"minecraft:glass_bottle":9,"minecraft:crafting_table":7,"minecraft:wooden_pickaxe":2,"minecraft:birch_planks":164,"minecraft:campfire":1,"minecraft:stone_axe":1,"cold_sweat:thermometer":2,"minecraft:potion":25,"minecraft:stick":28,"minecraft:iron_ingot":11,"minecraft:iron_pickaxe":1,"minecraft:stone_sword":2,"minecraft:torch":36},"minecraft:killed_by":{"minecraft:creeper":3,"minecraft:zombie":4},"minecraft:killed":{"minecraft:spider":3,"minecraft:skeleton":2,"minecraft:chicken":5,"artifacts:mimic":1,"minecraft:sheep":2,"minecraft:zombie":13,"minecraft:cow":4},"minecraft:dropped":{"minecraft:cooked_beef":2,"minecraft:coal":6,"minecraft:iron_pickaxe":1,"minecraft:birch_log":3,"minecraft:oak_planks":9,"additionaladditions:rope":47,"paraglider:deku_leaf":1,"minecraft:rabbit_stew":1},"minecraft:mined":{"biomesoplenty:glowing_moss_block":7,"biomesoplenty:glowshroom":1,"minecraft:mossy_cobblestone":2,"minecraft:candle":1,"minecraft:cherry_log":18,"minecraft:dark_oak_log":37,"minecraft:grass_block":89,"additionaladditions:rope":2,"minecraft:spawner":1,"minecraft:furnace":2,"minecraft:iron_ore":11,"minecraft:cobbled_deepslate":1,"minecraft:pumpkin":1,"minecraft:fletching_table":1,"minecraft:peony":5,"minecraft:azure_bluet":5,"minecraft:pointed_dripstone":3,"biomesoplenty:high_grass":7,"minecraft:dirt_path":11,"minecraft:deepslate_iron_ore":7,"minecraft:stripped_oak_log":4,"minecraft:stone":53,"minecraft:deepslate_redstone_ore":2,"biomesoplenty:glowing_moss_carpet":1,"biomesoplenty:jacaranda_planks":1,"minecraft:dandelion":1,"minecraft:crafting_table":2,"minecraft:torch":1,"minecraft:calcite":5,"biomesoplenty:high_grass_plant":9,"minecraft:tall_grass":9,"minecraft:copper_ore":2,"minecraft:cobblestone":1,"minecraft:sugar_cane":2,"minecraft:wall_torch":2,"minecraft:amethyst_block":2,"minecraft:deepslate_copper_ore":4,"minecraft:pink_petals":11,"minecraft:mud":2,"minecraft:birch_log":44,"biomesoplenty:pink_daffodil":4,"minecraft:birch_leaves":1,"minecraft:grass":13,"minecraft:oak_log":13,"minecraft:coal_ore":39,"minecraft:dripstone_block":3,"minecraft:gravel":10,"minecraft:sand":20,"minecraft:dirt":53,"minecraft:cobweb":9,"minecraft:smooth_basalt":1,"biomesoplenty:redwood_wood":2,"minecraft:oak_leaves":24,"minecraft:deepslate":50}},"DataVersion":3465}