{"stats":{"minecraft:killed":{"minecraft:spider":3,"minecraft:skeleton":2,"minecraft:chicken":5,"artifacts:mimic":1,"minecraft:sheep":8,"minecraft:zombie":16,"minecraft:cow":6},"minecraft:custom":{"minecraft:mob_kills":41,"minecraft:animals_bred":2,"minecraft:interact_with_crafting_table":63,"minecraft:open_barrel":7,"minecraft:interact_with_campfire":5,"minecraft:leave_game":8,"minecraft:time_since_death":23741,"minecraft:climb_one_cm":3945,"minecraft:sprint_one_cm":1279373,"minecraft:walk_one_cm":2516825,"minecraft:drop":21,"minecraft:talked_to_villager":7,"minecraft:play_time":742476,"minecraft:sneak_time":3446,"minecraft:deaths":23,"minecraft:walk_under_water_one_cm":42995,"minecraft:boat_one_cm":227250,"minecraft:jump":6202,"minecraft:interact_with_blast_furnace":5,"minecraft:walk_on_water_one_cm":124266,"minecraft:total_world_time":742476,"minecraft:interact_with_furnace":54,"minecraft:interact_with_cartography_table":1,"minecraft:sleep_in_bed":32,"minecraft:time_since_rest":23769,"minecraft:waystone_activated":4,"minecraft:damage_taken":8947,"minecraft:damage_dealt":5984,"minecraft:swim_one_cm":118062,"minecraft:fly_one_cm":253631,"minecraft:open_chest":58,"minecraft:crouch_one_cm":2295,"minecraft:interact_with_smoker":1,"minecraft:fall_one_cm":105275},"minecraft:crafted":{"minecraft:cherry_planks":572,"minecraft:oak_planks":76,"minecraft:stone_shovel":1,"minecraft:cooked_chicken":5,"minecraft:birch_boat":1,"minecraft:furnace":3,"paraglider:deku_leaf":1,"minecraft:cooked_mutton":7,"minecraft:glass":17,"minecraft:iron_axe":1,"minecraft:stone_pickaxe":2,"minecraft:chest":2,"biomesoplenty:jacaranda_door":6,"minecraft:birch_door":3,"minecraft:dark_oak_planks":24,"minecraft:birch_sign":3,"minecraft:cooked_beef":10,"minecraft:glass_bottle":9,"biomesoplenty:jacaranda_planks":12,"minecraft:dark_oak_stairs":4,"minecraft:crafting_table":10,"minecraft:wooden_pickaxe":3,"minecraft:birch_planks":164,"minecraft:campfire":2,"minecraft:stone_axe":2,"cold_sweat:thermometer":2,"minecraft:oak_boat":2,"minecraft:potion":49,"minecraft:dark_oak_slab":6,"minecraft:stick":40,"minecraft:iron_ingot":11,"minecraft:iron_pickaxe":1,"minecraft:wooden_axe":2,"minecraft:stone_sword":2,"minecraft:iron_shovel":1,"minecraft:torch":48},"minecraft:picked_up":{"minecraft:mud":2,"minecraft:crafting_table":4,"minecraft:allium":1,"minecraft:azure_bluet":25,"minecraft:chicken":5,"biomesoplenty:jacaranda_sapling":2,"biomesoplenty:violet":8,"minecraft:potion":1,"minecraft:amethyst_block":3,"minecraft:string":16,"minecraft:raw_copper":23,"minecraft:iron_shovel":1,"paraglider:deku_leaf":1,"minecraft:candle":4,"minecraft:cobbled_deepslate":74,"minecraft:beef":17,"minecraft:oak_boat":2,"minecraft:calcite":10,"biomesoplenty:redwood_wood":4,"minecraft:sugar_cane":16,"minecraft:birch_sapling":25,"minecraft:furnace":4,"minecraft:stick":101,"minecraft:raw_iron":19,"minecraft:torch":6,"minecraft:cherry_log":256,"minecraft:pointed_dripstone":8,"minecraft:redstone":10,"minecraft:brown_carpet":2,"minecraft:arrow":1,"minecraft:rotten_flesh":20,"biomesoplenty:jacaranda_log":11,"minecraft:peony":5,"artifacts:cross_necklace":1,"minecraft:mutton":11,"minecraft:cobblestone":71,"minecraft:white_wool":6,"minecraft:stripped_oak_log":4,"paraglider:paraglider":1,"minecraft:birch_log":84,"biomesoplenty:lavender":2,"minecraft:pink_petals":39,"minecraft:birch_leaves":1,"minecraft:magma_block":2,"minecraft:feather":5,"minecraft:cooked_beef":12,"minecraft:cherry_planks":37,"minecraft:leather":7,"biomesoplenty:glowshroom":2,"paraglider:spirit_orb":5,"minecraft:flint":1,"minecraft:tuff":3,"minecraft:oak_log":26,"minecraft:yellow_bed":6,"biomesoplenty:jacaranda_planks":1,"minecraft:wooden_hoe":1,"minecraft:stripped_birch_log":1,"minecraft:dirt":471,"biomesoplenty:glowing_moss_carpet":2,"minecraft:bone":4,"minecraft:wheat_seeds":26,"additionaladditions:rope":2,"minecraft:fletching_table":1,"minecraft:oak_planks":9,"minecraft:dark_oak_stairs":2,"minecraft:pink_bed":11,"minecraft:pumpkin":1,"minecraft:dandelion":3,"minecraft:dripstone_block":3,"minecraft:gravel":12,"minecraft:sand":20,"sophisticatedbackpacks:iron_backpack":1,"minecraft:white_bed":1,"biomesoplenty:glowing_moss_block":7,"minecraft:dark_oak_log":61,"minecraft:spider_eye":2,"minecraft:mossy_cobblestone":2,"additionaladditions:watering_can":1,"waystones:waystone":5,"minecraft:cherry_sapling":142,"minecraft:gray_wool":2,"minecraft:bread":3,"minecraft:baked_potato":3,"biomesoplenty:pink_daffodil":4,"minecraft:oak_sapling":3,"minecraft:netherrack":4,"minecraft:coal":78},"minecraft:killed_by":{"minecraft:player":1,"minecraft:creeper":5,"minecraft:pillager":1,"minecraft:drowned":1,"minecraft:skeleton":1,"minecraft:zombie":6},"minecraft:mined":{"biomesoplenty:glowing_moss_block":7,"biomesoplenty:glowshroom":1,"minecraft:white_bed":1,"minecraft:pink_bed":11,"minecraft:mossy_cobblestone":2,"minecraft:candle":1,"minecraft:cherry_log":268,"minecraft:dark_oak_log":37,"minecraft:stripped_birch_log":1,"biomesoplenty:bush":1,"minecraft:allium":1,"minecraft:grass_block":382,"additionaladditions:rope":2,"minecraft:spawner":1,"minecraft:large_fern":1,"biomesoplenty:jacaranda_log":11,"minecraft:magma_block":2,"minecraft:furnace":4,"minecraft:iron_ore":12,"minecraft:cobbled_deepslate":1,"minecraft:fire":9,"biomesoplenty:lavender":2,"biomesoplenty:violet":8,"minecraft:black_concrete":1,"minecraft:pumpkin":1,"minecraft:fletching_table":1,"minecraft:peony":5,"minecraft:azure_bluet":20,"minecraft:dark_oak_stairs":2,"minecraft:pointed_dripstone":3,"biomesoplenty:high_grass":11,"minecraft:deepslate_iron_ore":7,"minecraft:dirt_path":12,"minecraft:stripped_oak_log":4,"minecraft:stone":63,"minecraft:tripwire":2,"minecraft:deepslate_redstone_ore":2,"minecraft:cherry_planks":37,"biomesoplenty:glowing_moss_carpet":1,"biomesoplenty:jacaranda_planks":1,"minecraft:brown_carpet":1,"minecraft:dandelion":1,"minecraft:crafting_table":4,"minecraft:torch":1,"minecraft:calcite":5,"minecraft:poppy":1,"biomesoplenty:high_grass_plant":12,"minecraft:copper_ore":2,"minecraft:tall_grass":13,"minecraft:cobblestone":1,"minecraft:sugar_cane":10,"minecraft:wall_torch":5,"minecraft:amethyst_block":2,"minecraft:deepslate_copper_ore":4,"minecraft:pink_petals":13,"minecraft:mud":2,"minecraft:birch_log":105,"biomesoplenty:pink_daffodil":4,"minecraft:birch_leaves":7,"minecraft:yellow_bed":6,"biomesoplenty:clover":1,"minecraft:grass":81,"minecraft:oak_log":26,"minecraft:coal_ore":79,"minecraft:gravel":12,"minecraft:dripstone_block":3,"minecraft:sand":20,"minecraft:dirt":104,"minecraft:cobweb":9,"minecraft:smooth_basalt":1,"minecraft:netherrack":4,"biomesoplenty:redwood_wood":2,"minecraft:oak_leaves":28,"minecraft:deepslate":50},"minecraft:broken":{"minecraft:wooden_axe":1},"minecraft:dropped":{"minecraft:wheat_seeds":13,"minecraft:cooked_beef":2,"biomesoplenty:redwood_wood":2,"biomesoplenty:lavender":2,"minecraft:coal":6,"biomesoplenty:glowshroom":1,"minecraft:iron_pickaxe":1,"minecraft:birch_log":3,"minecraft:dandelion":1,"minecraft:gravel":2,"minecraft:pointed_dripstone":4,"minecraft:oak_planks":9,"additionaladditions:rope":47,"paraglider:deku_leaf":1,"minecraft:allium":1,"minecraft:brown_carpet":1,"minecraft:rabbit_stew":1},"minecraft:used":{"minecraft:stone_sword":202,"minecraft:iron_shovel":343,"minecraft:flint_and_steel":55,"minecraft:stone_shovel":56,"minecraft:chest":2,"additionaladditions:rope":2,"minecraft:cooked_chicken":5,"minecraft:rotten_flesh":16,"minecraft:torch":46,"minecraft:dirt":452,"minecraft:mutton":4,"minecraft:carrot":3,"minecraft:tuff":3,"minecraft:birch_door":2,"minecraft:wooden_axe":84,"minecraft:iron_axe":221,"minecraft:birch_sapling":2,"minecraft:beef":5,"minecraft:oak_sapling":1,"minecraft:furnace":7,"minecraft:cooked_mutton":6,"minecraft:cooked_beef":17,"minecraft:pumpkin":1,"minecraft:cobbled_deepslate":43,"minecraft:cherry_log":31,"minecraft:dark_oak_stairs":5,"biomesoplenty:jacaranda_door":3,"minecraft:glass_bottle":30,"minecraft:baked_potato":3,"minecraft:stone_pickaxe":154,"minecraft:wooden_pickaxe":65,"minecraft:cherry_planks":589,"minecraft:cookie":9,"minecraft:crafting_table":14,"minecraft:birch_sign":2,"minecraft:white_bed":1,"minecraft:campfire":2,"minecraft:oak_log":4,"waystones:waystone":4,"minecraft:mud":2,"minecraft:bread":6,"minecraft:iron_pickaxe":119,"minecraft:gravel":10,"minecraft:stone_axe":207,"minecraft:pink_bed":11,"minecraft:pink_petals":4,"minecraft:cobblestone":28,"minecraft:potion":60,"minecraft:yellow_bed":6,"minecraft:oak_boat":4,"minecraft:gray_wool":1,"minecraft:air":1}},"DataVersion":3465}