{"stats":{"minecraft:killed_by":{"minecraft:creeper":2},"minecraft:crafted":{"minecraft:cooked_beef":6,"minecraft:glass_bottle":9,"minecraft:stone_shovel":1,"minecraft:crafting_table":4,"minecraft:birch_boat":1,"minecraft:wooden_pickaxe":1,"minecraft:cooked_chicken":2,"minecraft:furnace":2,"minecraft:birch_planks":164,"minecraft:campfire":1,"minecraft:stone_axe":1,"paraglider:deku_leaf":1,"minecraft:cooked_mutton":3,"minecraft:glass":17,"minecraft:potion":16,"minecraft:stick":20,"minecraft:stone_pickaxe":1,"minecraft:stone_sword":1,"minecraft:chest":2,"minecraft:birch_door":3,"minecraft:torch":36,"minecraft:birch_sign":3},"minecraft:mined":{"biomesoplenty:glowing_moss_block":7,"biomesoplenty:glowshroom":1,"minecraft:mossy_cobblestone":2,"minecraft:candle":1,"biomesoplenty:glowing_moss_carpet":1,"minecraft:cherry_log":18,"minecraft:dark_oak_log":37,"minecraft:dandelion":1,"minecraft:crafting_table":2,"minecraft:grass_block":76,"minecraft:calcite":5,"additionaladditions:rope":2,"biomesoplenty:high_grass_plant":9,"minecraft:cobblestone":1,"minecraft:copper_ore":2,"minecraft:tall_grass":7,"minecraft:wall_torch":1,"minecraft:amethyst_block":2,"minecraft:deepslate_copper_ore":4,"minecraft:pink_petals":11,"minecraft:furnace":1,"minecraft:mud":2,"minecraft:birch_log":44,"minecraft:iron_ore":6,"biomesoplenty:pink_daffodil":4,"minecraft:fletching_table":1,"minecraft:pumpkin":1,"minecraft:azure_bluet":5,"minecraft:grass":11,"minecraft:pointed_dripstone":2,"minecraft:oak_log":7,"minecraft:coal_ore":17,"biomesoplenty:high_grass":7,"minecraft:deepslate_iron_ore":7,"minecraft:dirt_path":11,"minecraft:dripstone_block":3,"minecraft:gravel":10,"minecraft:sand":17,"minecraft:dirt":30,"minecraft:stripped_oak_log":4,"minecraft:smooth_basalt":1,"minecraft:stone":29,"minecraft:deepslate":24,"minecraft:oak_leaves":17},"minecraft:picked_up":{"minecraft:birch_log":44,"minecraft:stripped_oak_log":4,"minecraft:mud":2,"minecraft:pink_petals":31,"minecraft:crafting_table":2,"minecraft:feather":2,"minecraft:azure_bluet":5,"minecraft:cooked_beef":2,"minecraft:chicken":2,"minecraft:leather":4,"biomesoplenty:glowshroom":1,"minecraft:oak_log":7,"minecraft:amethyst_block":3,"minecraft:string":1,"minecraft:wooden_hoe":1,"minecraft:dirt":114,"minecraft:raw_copper":23,"biomesoplenty:glowing_moss_carpet":2,"paraglider:deku_leaf":1,"additionaladditions:rope":2,"minecraft:wheat_seeds":10,"minecraft:candle":4,"minecraft:cobbled_deepslate":22,"minecraft:beef":8,"minecraft:calcite":10,"minecraft:fletching_table":1,"minecraft:birch_sapling":7,"minecraft:raw_iron":13,"minecraft:furnace":1,"minecraft:stick":12,"minecraft:pumpkin":1,"minecraft:torch":1,"minecraft:dandelion":2,"minecraft:dripstone_block":3,"minecraft:gravel":10,"minecraft:sand":17,"minecraft:cherry_log":15,"minecraft:pointed_dripstone":3,"minecraft:spider_eye":2,"biomesoplenty:glowing_moss_block":7,"minecraft:dark_oak_log":36,"minecraft:mossy_cobblestone":2,"waystones:waystone":1,"artifacts:cross_necklace":1,"minecraft:cherry_sapling":7,"minecraft:gray_wool":1,"minecraft:bread":3,"biomesoplenty:pink_daffodil":4,"minecraft:oak_sapling":1,"minecraft:mutton":3,"minecraft:coal":17,"minecraft:birch_leaves":1,"minecraft:white_wool":1,"minecraft:cobblestone":29,"paraglider:paraglider":1},"minecraft:custom":{"minecraft:interact_with_furnace":27,"minecraft:mob_kills":14,"minecraft:interact_with_crafting_table":35,"minecraft:open_barrel":4,"minecraft:interact_with_campfire":2,"minecraft:leave_game":4,"minecraft:time_since_death":21685,"minecraft:sleep_in_bed":7,"minecraft:time_since_rest":21860,"minecraft:waystone_activated":1,"minecraft:sprint_one_cm":215790,"minecraft:damage_taken":1580,"minecraft:walk_one_cm":461479,"minecraft:drop":6,"minecraft:damage_dealt":1750,"minecraft:swim_one_cm":6744,"minecraft:talked_to_villager":4,"minecraft:fly_one_cm":50087,"minecraft:open_chest":15,"minecraft:crouch_one_cm":113,"minecraft:play_time":190144,"minecraft:deaths":2,"minecraft:sneak_time":11,"minecraft:walk_under_water_one_cm":2700,"minecraft:jump":1015,"minecraft:interact_with_blast_furnace":4,"minecraft:walk_on_water_one_cm":17529,"minecraft:total_world_time":190144,"minecraft:fall_one_cm":15279},"minecraft:killed":{"minecraft:skeleton":1,"minecraft:sheep":2,"minecraft:zombie":5,"minecraft:chicken":2,"artifacts:mimic":1,"minecraft:cow":3},"minecraft:used":{"minecraft:cooked_mutton":3,"minecraft:stone_sword":61,"minecraft:stone_shovel":56,"minecraft:stone_pickaxe":121,"minecraft:chest":2,"minecraft:wooden_pickaxe":23,"additionaladditions:rope":2,"minecraft:cooked_chicken":2,"minecraft:torch":37,"minecraft:dirt":114,"minecraft:crafting_table":6,"minecraft:birch_sign":2,"minecraft:campfire":1,"waystones:waystone":1,"minecraft:birch_door":2,"minecraft:oak_log":4,"minecraft:mud":2,"minecraft:bread":3,"minecraft:birch_sapling":2,"minecraft:gravel":10,"minecraft:stone_axe":108,"minecraft:cobblestone":9,"minecraft:potion":17,"minecraft:furnace":3,"minecraft:oak_sapling":1,"minecraft:cooked_beef":5,"minecraft:pumpkin":1},"minecraft:dropped":{"minecraft:coal":6,"paraglider:deku_leaf":1,"minecraft:rabbit_stew":1,"minecraft:birch_log":3}},"DataVersion":3465}