{"stats":{"minecraft:broken":{"minecraft:iron_shovel":1,"minecraft:wooden_shovel":1,"minecraft:stone_sword":2,"minecraft:stone_pickaxe":1,"minecraft:iron_pickaxe":2,"minecraft:wooden_axe":1,"minecraft:stone_shovel":1},"minecraft:dropped":{"sophisticatedbackpacks:iron_backpack":1,"minecraft:bread":3,"minecraft:birch_leaves":2,"minecraft:wheat_seeds":8,"minecraft:cooked_beef":10,"minecraft:glass_bottle":1,"minecraft:dripstone_block":6,"minecraft:cobblestone":5,"minecraft:granite":4,"minecraft:grass_block":1,"minecraft:stick":16,"minecraft:dirt":6,"minecraft:diorite":2,"minecraft:wooden_hoe":1,"minecraft:torch":4,"minecraft:potion":1,"minecraft:iron_shovel":2,"paraglider:paraglider":1,"minecraft:stone_axe":2,"minecraft:cobbled_deepslate":19,"minecraft:bowl":1,"minecraft:wheat":1,"minecraft:rotten_flesh":16,"minecraft:oak_planks":2,"additionaladditions:watering_can":1,"paraglider:deku_leaf":1,"minecraft:shield":1,"artifacts:cross_necklace":1,"minecraft:bow":4,"minecraft:arrow":1,"minecraft:beef":1},"minecraft:mined":{"minecraft:tuff":7,"minecraft:white_bed":4,"minecraft:cobblestone_stairs":1,"minecraft:granite":21,"minecraft:grass_block":411,"additionaladditions:rope":4,"minecraft:birch_slab":1,"minecraft:hay_block":30,"biomesoplenty:jacaranda_log":58,"minecraft:furnace":2,"minecraft:carrots":4,"minecraft:iron_ore":52,"additionaladditions:glow_stick":14,"minecraft:cobbled_deepslate":21,"minecraft:fire":8,"minecraft:andesite":24,"minecraft:fletching_table":11,"minecraft:pumpkin":9,"minecraft:anvil":1,"minecraft:deepslate_lapis_ore":6,"minecraft:azure_bluet":45,"minecraft:potatoes":8,"minecraft:oak_stairs":1,"minecraft:pointed_dripstone":4,"minecraft:dirt_path":2,"minecraft:deepslate_iron_ore":10,"minecraft:stone":205,"minecraft:redstone_wall_torch":2,"minecraft:deepslate_redstone_ore":11,"minecraft:crafting_table":9,"minecraft:torch":4,"minecraft:blast_furnace":5,"minecraft:poppy":2,"minecraft:calcite":6,"minecraft:lectern":11,"minecraft:copper_ore":6,"minecraft:tall_grass":28,"minecraft:cobblestone":14,"minecraft:deepslate_gold_ore":19,"minecraft:lapis_ore":9,"minecraft:oak_planks":3,"minecraft:sugar_cane":65,"minecraft:diorite":14,"minecraft:wall_torch":6,"minecraft:amethyst_block":1,"minecraft:deepslate_copper_ore":9,"minecraft:birch_planks":14,"minecraft:mud":2,"minecraft:birch_log":210,"minecraft:birch_leaves":4,"minecraft:grass":139,"minecraft:oak_log":11,"minecraft:coal_ore":119,"minecraft:gravel":109,"minecraft:dripstone_block":31,"minecraft:sand":12,"minecraft:dirt":75,"minecraft:smooth_basalt":6,"minecraft:red_mushroom_block":1,"minecraft:deepslate":262,"minecraft:birch_fence":1},"minecraft:used":{"minecraft:stone_sword":160,"minecraft:iron_shovel":259,"minecraft:stone_shovel":183,"minecraft:shield":37,"additionaladditions:rope":7,"minecraft:iron_sword":248,"minecraft:wooden_shovel":61,"minecraft:stone_hoe":10,"minecraft:rotten_flesh":5,"minecraft:torch":135,"additionaladditions:glow_stick":19,"minecraft:dirt":484,"minecraft:anvil":1,"minecraft:tuff":6,"minecraft:granite":8,"minecraft:wooden_axe":59,"minecraft:iron_axe":181,"minecraft:grass_block":1,"minecraft:rabbit_stew":1,"minecraft:bow":5,"minecraft:furnace":3,"minecraft:egg":1,"minecraft:potato":17,"minecraft:cooked_beef":19,"minecraft:cobbled_deepslate":115,"minecraft:pumpkin":2,"minecraft:water_bucket":18,"minecraft:diorite":11,"minecraft:cobblestone_stairs":1,"minecraft:birch_planks":30,"minecraft:glass_bottle":4,"minecraft:stone_pickaxe":283,"minecraft:oak_planks":9,"minecraft:wooden_pickaxe":12,"minecraft:fletching_table":12,"minecraft:sugar_cane":30,"minecraft:cookie":1,"minecraft:golden_apple":1,"minecraft:glow_berries":8,"minecraft:crafting_table":14,"minecraft:blast_furnace":3,"minecraft:white_bed":4,"minecraft:campfire":2,"minecraft:dripstone_block":9,"biomesoplenty:jacaranda_planks":4,"minecraft:shears":2,"minecraft:birch_fence":16,"minecraft:redstone_torch":11,"minecraft:wooden_hoe":25,"minecraft:birch_slab":2,"minecraft:birch_fence_gate":1,"minecraft:bread":33,"minecraft:iron_pickaxe":629,"minecraft:lectern":11,"minecraft:gravel":3,"minecraft:stone_axe":143,"minecraft:potion":74,"minecraft:cobblestone":144,"minecraft:andesite":8,"minecraft:bucket":20,"minecraft:birch_log":1,"minecraft:bone_meal":21},"minecraft:custom":{"minecraft:mob_kills":122,"minecraft:animals_bred":87,"minecraft:interact_with_crafting_table":93,"minecraft:open_barrel":4,"minecraft:interact_with_campfire":12,"minecraft:bell_ring":3,"minecraft:leave_game":5,"minecraft:time_since_death":71019,"minecraft:climb_one_cm":5615,"minecraft:sprint_one_cm":1669789,"minecraft:walk_one_cm":1333118,"minecraft:damage_blocked_by_shield":1760,"minecraft:drop":79,"minecraft:talked_to_villager":69,"minecraft:play_time":469675,"minecraft:sneak_time":12751,"minecraft:deaths":14,"minecraft:walk_under_water_one_cm":15030,"minecraft:jump":4827,"minecraft:interact_with_blast_furnace":6,"minecraft:walk_on_water_one_cm":35164,"minecraft:total_world_time":469675,"minecraft:interact_with_furnace":75,"minecraft:traded_with_villager":34,"minecraft:interact_with_cartography_table":1,"minecraft:sleep_in_bed":20,"minecraft:time_since_rest":10126,"minecraft:waystone_activated":1,"minecraft:damage_taken":7161,"minecraft:damage_absorbed":20,"minecraft:damage_dealt":20566,"minecraft:swim_one_cm":89431,"minecraft:fly_one_cm":743093,"minecraft:open_chest":132,"minecraft:crouch_one_cm":39147,"minecraft:fall_one_cm":104373},"minecraft:picked_up":{"minecraft:mud":2,"minecraft:crafting_table":10,"minecraft:wheat":1,"minecraft:azure_bluet":90,"minecraft:anvil":1,"minecraft:rabbit_stew":1,"minecraft:oak_stairs":3,"biomesoplenty:jacaranda_sapling":32,"minecraft:potion":13,"minecraft:shield":1,"minecraft:string":10,"minecraft:raw_copper":57,"minecraft:iron_shovel":1,"artifacts:feral_claws":1,"minecraft:birch_fence":1,"paraglider:deku_leaf":1,"minecraft:cobbled_deepslate":260,"minecraft:beef":44,"minecraft:redstone_torch":2,"minecraft:poppy":4,"minecraft:iron_pickaxe":1,"minecraft:lectern":11,"minecraft:sugar_cane":67,"minecraft:birch_sapling":75,"minecraft:furnace":2,"minecraft:egg":1,"minecraft:stick":79,"minecraft:raw_iron":62,"minecraft:torch":15,"minecraft:pointed_dripstone":3,"minecraft:diorite":13,"minecraft:carrot":13,"minecraft:redstone":50,"minecraft:arrow":18,"minecraft:rotten_flesh":72,"additionaladditions:glow_stick":15,"biomesoplenty:jacaranda_log":54,"minecraft:hay_block":30,"artifacts:cross_necklace":1,"minecraft:cobblestone":202,"minecraft:birch_log":211,"minecraft:birch_leaves":3,"minecraft:cooked_beef":2,"minecraft:birch_slab":1,"minecraft:water_bucket":1,"minecraft:andesite":23,"minecraft:leather":23,"minecraft:potato":32,"minecraft:birch_planks":49,"minecraft:flint":9,"minecraft:tuff":6,"minecraft:oak_log":14,"minecraft:cobblestone_stairs":1,"minecraft:magenta_bed":1,"minecraft:gunpowder":2,"alexsmobs:rocky_shell":1,"minecraft:lapis_lazuli":91,"minecraft:dirt":576,"artifacts:flippers":1,"minecraft:bone":20,"minecraft:bow":4,"minecraft:wheat_seeds":35,"additionaladditions:rope":52,"minecraft:raw_gold":19,"minecraft:iron_ingot":25,"minecraft:fletching_table":11,"minecraft:glass_bottle":1,"minecraft:oak_planks":13,"minecraft:smooth_basalt":10,"minecraft:pumpkin":9,"minecraft:dripstone_block":32,"minecraft:gravel":105,"minecraft:sand":12,"minecraft:blast_furnace":5,"minecraft:white_bed":4,"minecraft:grass_block":2,"minecraft:dark_oak_log":2,"minecraft:spider_eye":1,"minecraft:stone_axe":1,"minecraft:granite":18,"minecraft:oak_sapling":1,"minecraft:coal":126,"minecraft:ender_pearl":1},"minecraft:killed_by":{"minecraft:creeper":1,"minecraft:iron_golem":1,"minecraft:skeleton":1,"minecraft:zombie":8},"minecraft:killed":{"minecraft:witch":1,"minecraft:spider":8,"minecraft:skeleton":11,"minecraft:drowned":1,"alexsmobs:rocky_roller":1,"artifacts:mimic":2,"alexsmobs:grizzly_bear":1,"minecraft:zombie_villager":1,"minecraft:creeper":2,"minecraft:zombie":58,"minecraft:enderman":2,"minecraft:cow":23},"minecraft:crafted":{"minecraft:cherry_planks":4,"minecraft:oak_planks":44,"minecraft:stone_shovel":1,"minecraft:birch_slab":6,"minecraft:furnace":2,"minecraft:bone_meal":21,"additionaladditions:rose_gold_alloy":1,"minecraft:bookshelf":1,"paraglider:deku_leaf":1,"minecraft:glass":12,"minecraft:iron_boots":1,"additionaladditions:rope":2,"minecraft:iron_axe":1,"minecraft:birch_fence_gate":1,"minecraft:stone_pickaxe":4,"minecraft:chest":2,"minecraft:stone_hoe":1,"minecraft:dark_oak_planks":24,"sophisticatedbackpacks:iron_backpack":2,"minecraft:wheat":270,"minecraft:cooked_beef":43,"paraglider:paraglider":2,"minecraft:glass_bottle":18,"minecraft:wooden_shovel":1,"minecraft:emerald":34,"sophisticatedbackpacks:backpack":2,"biomesoplenty:jacaranda_planks":8,"minecraft:crafting_table":5,"minecraft:wooden_pickaxe":2,"minecraft:iron_helmet":1,"minecraft:iron_sword":1,"minecraft:copper_ingot":22,"minecraft:fletching_table":1,"minecraft:birch_planks":672,"minecraft:campfire":2,"minecraft:stone_axe":1,"minecraft:bread":37,"minecraft:air":0,"minecraft:lectern":1,"minecraft:book":4,"minecraft:potion":65,"minecraft:wooden_hoe":1,"minecraft:iron_chestplate":1,"minecraft:paper":21,"minecraft:charcoal":2,"minecraft:shield":1,"minecraft:birch_fence":36,"minecraft:stick":1145,"minecraft:iron_ingot":46,"minecraft:iron_pickaxe":3,"minecraft:wooden_axe":1,"minecraft:iron_shovel":2,"minecraft:stone_sword":1,"additionaladditions:watering_can":1,"minecraft:gold_ingot":10,"minecraft:iron_leggings":1,"minecraft:redstone_torch":9,"minecraft:torch":140,"minecraft:shears":1}},"DataVersion":3465}