{"stats":{"minecraft:picked_up":{"storagenetwork:storage_kabel":6,"minecraft:wheat":1,"minecraft:anvil":1,"minecraft:stone_slab":6,"minecraft:oak_stairs":3,"minecraft:potion":28,"minecraft:amethyst_block":6,"minecraft:string":81,"minecraft:raw_copper":108,"paraglider:deku_leaf":1,"minecraft:cobbled_deepslate":361,"minecraft:redstone_torch":2,"minecraft:cobblestone_slab":1,"minecraft:iron_pickaxe":1,"minecraft:furnace":3,"minecraft:stick":101,"minecraft:oak_fence":2,"minecraft:torch":20,"minecraft:pointed_dripstone":3,"minecraft:diorite":30,"minecraft:rotten_flesh":85,"minecraft:cobblestone":507,"minecraft:birch_log":329,"minecraft:cooked_beef":2,"minecraft:cherry_planks":9,"minecraft:water_bucket":1,"minecraft:birch_slab":1,"minecraft:andesite":30,"minecraft:potato":58,"paraglider:spirit_orb":4,"minecraft:flint":9,"minecraft:tuff":22,"minecraft:magenta_bed":1,"minecraft:dirt":649,"alexsmobs:rocky_shell":1,"minecraft:lapis_lazuli":141,"artifacts:flippers":1,"minecraft:bone":23,"minecraft:bow":4,"minecraft:wheat_seeds":36,"additionaladditions:rope":52,"minecraft:raw_gold":61,"minecraft:fletching_table":11,"minecraft:oak_planks":15,"minecraft:sand":12,"minecraft:grass_block":2,"minecraft:dark_oak_log":2,"minecraft:bundle":1,"minecraft:granite":27,"minecraft:emerald":1,"minecraft:oak_sapling":1,"minecraft:mud":2,"minecraft:crafting_table":13,"minecraft:azure_bluet":95,"storagenetwork:request":1,"minecraft:rabbit_stew":1,"biomesoplenty:jacaranda_sapling":32,"minecraft:shield":1,"artifacts:feral_claws":1,"minecraft:iron_shovel":1,"minecraft:birch_fence":1,"minecraft:beef":44,"minecraft:poppy":4,"minecraft:lectern":19,"minecraft:sugar_cane":144,"minecraft:chest":8,"minecraft:birch_sapling":116,"minecraft:egg":1,"minecraft:raw_iron":114,"minecraft:stone":6,"minecraft:oak_door":1,"minecraft:carrot":13,"minecraft:redstone":68,"storagenetwork:inventory":1,"minecraft:arrow":22,"additionaladditions:glow_stick":20,"biomesoplenty:jacaranda_log":54,"minecraft:hay_block":30,"artifacts:cross_necklace":1,"sophisticatedbackpacks:copper_backpack":1,"minecraft:birch_leaves":3,"minecraft:leather":23,"minecraft:birch_planks":61,"minecraft:oak_log":14,"biomesoplenty:jacaranda_planks":1,"minecraft:gunpowder":4,"minecraft:cobblestone_stairs":1,"minecraft:iron_ingot":25,"minecraft:glass_bottle":1,"minecraft:smooth_basalt":10,"minecraft:pumpkin":9,"minecraft:dripstone_block":39,"minecraft:gravel":111,"minecraft:amethyst_shard":44,"minecraft:blast_furnace":6,"minecraft:white_bed":4,"minecraft:spider_eye":6,"minecraft:stone_axe":1,"minecraft:coal":151,"minecraft:ender_pearl":1},"minecraft:broken":{"minecraft:iron_shovel":1,"minecraft:wooden_shovel":1,"minecraft:stone_pickaxe":1,"minecraft:iron_sword":2,"minecraft:wooden_axe":1,"minecraft:stone_shovel":1,"minecraft:stone_sword":2,"minecraft:shield":1,"minecraft:iron_axe":1,"minecraft:iron_pickaxe":3,"minecraft:iron_helmet":1},"minecraft:crafted":{"minecraft:smooth_stone":6,"minecraft:oak_planks":44,"minecraft:cobblestone_slab":6,"minecraft:birch_slab":6,"minecraft:stone":18,"additionaladditions:rose_gold_alloy":4,"additionaladditions:rose_gold_boots":1,"minecraft:bookshelf":1,"paraglider:deku_leaf":1,"minecraft:glass":12,"minecraft:iron_boots":2,"minecraft:birch_fence_gate":1,"minecraft:chest":14,"minecraft:stone_hoe":1,"minecraft:glass_bottle":18,"minecraft:item_frame":5,"minecraft:dropper":2,"storagenetwork:kabel":16,"minecraft:wooden_shovel":1,"sophisticatedbackpacks:backpack":2,"minecraft:emerald":50,"biomesoplenty:jacaranda_planks":16,"minecraft:crafting_table":13,"minecraft:wooden_pickaxe":2,"minecraft:iron_helmet":2,"minecraft:smithing_table":1,"minecraft:copper_ingot":73,"minecraft:fletching_table":1,"additionaladditions:rose_gold_leggings":1,"minecraft:birch_planks":1180,"minecraft:campfire":2,"additionaladditions:rose_gold_chestplate":1,"minecraft:lectern":1,"minecraft:wooden_hoe":1,"minecraft:iron_chestplate":2,"minecraft:book":4,"minecraft:paper":21,"minecraft:charcoal":29,"minecraft:shield":1,"minecraft:birch_fence":36,"minecraft:stick":1871,"minecraft:stone_slab":12,"minecraft:iron_ingot":98,"additionaladditions:rose_gold_helmet":1,"minecraft:iron_pickaxe":7,"minecraft:stone_sword":1,"additionaladditions:watering_can":1,"minecraft:gold_ingot":52,"minecraft:redstone_torch":9,"minecraft:shears":1,"minecraft:cherry_planks":4,"minecraft:stone_shovel":2,"minecraft:smooth_stone_slab":6,"minecraft:iron_nugget":9,"minecraft:furnace":4,"minecraft:bone_meal":21,"additionaladditions:rope":2,"minecraft:iron_axe":1,"minecraft:stone_pickaxe":4,"minecraft:dark_oak_planks":32,"minecraft:wheat":270,"sophisticatedbackpacks:iron_backpack":2,"minecraft:cooked_beef":43,"paraglider:paraglider":2,"minecraft:iron_sword":2,"minecraft:stone_axe":2,"minecraft:enchanted_book":1,"minecraft:bread":37,"minecraft:air":0,"minecraft:potion":65,"additionaladditions:rose_gold_upgrade":8,"storagenetwork:inventory":2,"minecraft:wooden_axe":1,"minecraft:iron_shovel":2,"minecraft:iron_leggings":2,"storagenetwork:request":1,"minecraft:armor_stand":3,"storagenetwork:storage_kabel":8,"minecraft:torch":276},"minecraft:custom":{"minecraft:animals_bred":87,"minecraft:interact_with_crafting_table":160,"minecraft:open_barrel":4,"minecraft:bell_ring":3,"minecraft:leave_game":6,"minecraft:time_since_death":92980,"minecraft:sprint_one_cm":2215156,"minecraft:damage_blocked_by_shield":2790,"minecraft:drop":106,"minecraft:talked_to_villager":91,"minecraft:play_time":637021,"minecraft:deaths":17,"minecraft:jump":5962,"minecraft:walk_on_water_one_cm":45095,"minecraft:interact_with_furnace":117,"minecraft:traded_with_villager":51,"minecraft:interact_with_cartography_table":1,"minecraft:sleep_in_bed":28,"minecraft:waystone_activated":1,"minecraft:damage_dealt":28445,"minecraft:player_kills":1,"minecraft:crouch_one_cm":43302,"minecraft:interact_with_smithing_table":2,"minecraft:mob_kills":161,"minecraft:interact_with_campfire":12,"minecraft:climb_one_cm":5798,"minecraft:walk_one_cm":1794800,"minecraft:damage_dealt_absorbed":279,"minecraft:sneak_time":14484,"minecraft:walk_under_water_one_cm":19552,"minecraft:interact_with_blast_furnace":28,"minecraft:total_world_time":637021,"minecraft:time_since_rest":15876,"minecraft:damage_taken":9146,"minecraft:damage_absorbed":20,"minecraft:swim_one_cm":91171,"minecraft:fly_one_cm":923713,"minecraft:open_chest":181,"minecraft:fall_one_cm":128124},"minecraft:killed_by":{"minecraft:creeper":2,"minecraft:zombie":8,"alexsmobs:rocky_roller":1,"minecraft:iron_golem":1,"alexsmobs:centipede_head":1,"minecraft:skeleton":1},"minecraft:used":{"minecraft:iron_shovel":259,"minecraft:chest":18,"minecraft:shield":57,"additionaladditions:rope":7,"minecraft:iron_sword":455,"minecraft:rotten_flesh":5,"minecraft:tuff":6,"minecraft:grass_block":1,"minecraft:item_frame":4,"minecraft:rabbit_stew":1,"minecraft:bow":5,"minecraft:furnace":5,"minecraft:egg":1,"minecraft:potato":31,"storagenetwork:storage_kabel":6,"minecraft:diorite":17,"minecraft:stone_pickaxe":283,"minecraft:oak_planks":9,"minecraft:wooden_pickaxe":12,"minecraft:sugar_cane":31,"minecraft:cookie":4,"minecraft:golden_apple":1,"minecraft:glow_berries":8,"minecraft:blast_furnace":6,"minecraft:dripstone_block":9,"minecraft:shears":2,"biomesoplenty:jacaranda_planks":4,"minecraft:birch_fence":16,"minecraft:redstone_torch":11,"minecraft:birch_fence_gate":1,"minecraft:birch_slab":2,"minecraft:bread":34,"minecraft:string":2,"minecraft:lectern":20,"minecraft:gravel":3,"minecraft:smithing_table":1,"minecraft:birch_log":1,"minecraft:andesite":8,"minecraft:bone_meal":21,"minecraft:stone_sword":160,"minecraft:armor_stand":1,"minecraft:stone_shovel":183,"storagenetwork:request":1,"minecraft:wooden_shovel":61,"minecraft:stone_hoe":10,"minecraft:torch":261,"additionaladditions:glow_stick":24,"minecraft:dirt":532,"minecraft:anvil":1,"minecraft:granite":8,"minecraft:wooden_axe":59,"minecraft:iron_axe":288,"minecraft:cooked_beef":35,"minecraft:cobbled_deepslate":124,"minecraft:pumpkin":2,"minecraft:water_bucket":19,"minecraft:cobblestone_stairs":1,"storagenetwork:inventory":1,"minecraft:birch_planks":50,"minecraft:glass_bottle":20,"minecraft:fletching_table":12,"minecraft:cobblestone_slab":7,"minecraft:crafting_table":21,"minecraft:campfire":2,"minecraft:white_bed":4,"minecraft:wooden_hoe":25,"minecraft:iron_pickaxe":1217,"minecraft:stone_axe":208,"minecraft:cobblestone":288,"minecraft:potion":102,"minecraft:bucket":20},"minecraft:killed":{"minecraft:cave_spider":14,"minecraft:witch":1,"minecraft:spider":9,"minecraft:skeleton":18,"artifacts:mimic":2,"alexsmobs:grizzly_bear":1,"minecraft:zombie_villager":1,"minecraft:creeper":5,"minecraft:zombie":72,"minecraft:cow":23,"minecraft:drowned":1,"alexsmobs:rocky_roller":1,"minecraft:enderman":2},"minecraft:mined":{"minecraft:large_amethyst_bud":1,"minecraft:white_bed":4,"minecraft:cobblestone_stairs":1,"minecraft:granite":35,"minecraft:grass_block":440,"minecraft:spawner":2,"additionaladditions:glow_stick":19,"minecraft:iron_ore":63,"minecraft:cobbled_deepslate":21,"minecraft:fire":8,"minecraft:pumpkin":9,"minecraft:fletching_table":11,"minecraft:deepslate_lapis_ore":10,"minecraft:anvil":1,"minecraft:azure_bluet":46,"minecraft:pointed_dripstone":4,"minecraft:dirt_path":2,"minecraft:oak_stairs":1,"minecraft:tripwire":2,"minecraft:deepslate_redstone_ore":11,"biomesoplenty:jacaranda_planks":1,"minecraft:amethyst_cluster":5,"storagenetwork:inventory":1,"minecraft:torch":6,"storagenetwork:request":1,"minecraft:blast_furnace":6,"minecraft:poppy":2,"minecraft:calcite":6,"minecraft:chest":8,"minecraft:cobblestone":38,"minecraft:sugar_cane":117,"minecraft:oak_planks":5,"minecraft:wall_torch":8,"minecraft:amethyst_block":7,"minecraft:deepslate_copper_ore":12,"minecraft:mud":2,"minecraft:birch_log":328,"minecraft:grass":152,"minecraft:oak_log":11,"minecraft:sand":12,"minecraft:dirt":100,"minecraft:smooth_basalt":6,"minecraft:red_mushroom_block":1,"minecraft:oak_leaves":1,"minecraft:deepslate":358,"minecraft:tuff":23,"additionaladditions:rope":4,"minecraft:birch_slab":1,"minecraft:hay_block":30,"biomesoplenty:jacaranda_log":58,"minecraft:redstone_ore":4,"minecraft:furnace":3,"minecraft:carrots":4,"minecraft:andesite":39,"minecraft:potatoes":15,"minecraft:deepslate_iron_ore":44,"minecraft:cobblestone_slab":1,"minecraft:rail":2,"minecraft:stone":439,"minecraft:redstone_wall_torch":2,"minecraft:cherry_planks":12,"minecraft:oak_fence":2,"minecraft:crafting_table":12,"minecraft:emerald_ore":1,"storagenetwork:storage_kabel":6,"minecraft:lectern":19,"minecraft:tall_grass":32,"minecraft:copper_ore":12,"minecraft:lapis_ore":12,"minecraft:deepslate_gold_ore":42,"minecraft:diorite":31,"minecraft:birch_planks":14,"minecraft:birch_leaves":4,"minecraft:coal_ore":144,"minecraft:gravel":115,"minecraft:dripstone_block":37,"minecraft:cobweb":56,"minecraft:gold_ore":3,"minecraft:birch_fence":1},"minecraft:dropped":{"sophisticatedbackpacks:iron_backpack":1,"minecraft:cooked_beef":10,"minecraft:glass_bottle":1,"minecraft:dirt":6,"minecraft:dark_oak_log":25,"paraglider:paraglider":1,"minecraft:stone_axe":2,"minecraft:cobbled_deepslate":19,"minecraft:wheat":1,"minecraft:rotten_flesh":16,"minecraft:oak_planks":2,"paraglider:deku_leaf":1,"minecraft:arrow":1,"minecraft:beef":1,"minecraft:bread":3,"minecraft:wheat_seeds":9,"minecraft:birch_leaves":2,"minecraft:dripstone_block":6,"minecraft:cobblestone":5,"minecraft:granite":4,"minecraft:grass_block":1,"minecraft:stick":16,"minecraft:diorite":2,"minecraft:torch":4,"minecraft:wooden_hoe":1,"minecraft:cherry_planks":1,"minecraft:potion":1,"minecraft:iron_shovel":2,"minecraft:bowl":1,"additionaladditions:watering_can":1,"minecraft:shield":1,"artifacts:cross_necklace":1,"minecraft:bow":4}},"DataVersion":3465}