{"stats":{"minecraft:killed_by":{"minecraft:creeper":1,"minecraft:zombie":1},"minecraft:crafted":{"minecraft:oak_planks":24,"minecraft:stone_shovel":1,"minecraft:furnace":2,"paraglider:deku_leaf":1,"minecraft:glass":12,"minecraft:birch_fence_gate":1,"minecraft:stone_pickaxe":2,"minecraft:wheat":216,"paraglider:paraglider":2,"minecraft:glass_bottle":12,"minecraft:wooden_shovel":1,"minecraft:crafting_table":2,"minecraft:wooden_pickaxe":1,"minecraft:birch_planks":132,"minecraft:campfire":2,"minecraft:stone_axe":1,"minecraft:bread":36,"minecraft:air":0,"minecraft:potion":22,"minecraft:wooden_hoe":1,"minecraft:charcoal":2,"minecraft:shield":1,"minecraft:birch_fence":36,"minecraft:stick":64,"minecraft:iron_ingot":6,"minecraft:iron_pickaxe":1,"minecraft:wooden_axe":1,"minecraft:stone_sword":1,"minecraft:redstone_torch":9,"minecraft:torch":76,"minecraft:shears":1},"minecraft:mined":{"minecraft:white_bed":2,"minecraft:grass_block":49,"minecraft:hay_block":24,"biomesoplenty:jacaranda_log":58,"minecraft:furnace":2,"minecraft:iron_ore":17,"minecraft:fire":8,"minecraft:pumpkin":8,"minecraft:anvil":1,"minecraft:deepslate_lapis_ore":6,"minecraft:pointed_dripstone":4,"minecraft:deepslate_iron_ore":3,"minecraft:dirt_path":2,"minecraft:stone":53,"minecraft:redstone_wall_torch":2,"minecraft:deepslate_redstone_ore":8,"minecraft:crafting_table":7,"minecraft:torch":3,"minecraft:blast_furnace":2,"minecraft:calcite":6,"minecraft:copper_ore":6,"minecraft:tall_grass":5,"minecraft:deepslate_gold_ore":9,"minecraft:sugar_cane":4,"minecraft:wall_torch":1,"minecraft:amethyst_block":1,"minecraft:deepslate_copper_ore":9,"minecraft:mud":2,"minecraft:birch_log":31,"minecraft:birch_leaves":2,"minecraft:grass":14,"minecraft:coal_ore":107,"minecraft:oak_log":6,"minecraft:sand":12,"minecraft:gravel":109,"minecraft:dripstone_block":10,"minecraft:dirt":37,"minecraft:smooth_basalt":6,"minecraft:red_mushroom_block":1,"minecraft:birch_fence":1,"minecraft:deepslate":95},"minecraft:picked_up":{"minecraft:mud":2,"minecraft:crafting_table":8,"minecraft:anvil":1,"minecraft:rabbit_stew":1,"minecraft:oak_stairs":1,"biomesoplenty:jacaranda_sapling":32,"minecraft:potion":12,"minecraft:string":6,"minecraft:raw_copper":57,"artifacts:feral_claws":1,"minecraft:birch_fence":1,"minecraft:cobbled_deepslate":84,"minecraft:beef":10,"minecraft:redstone_torch":2,"minecraft:sugar_cane":10,"minecraft:birch_sapling":22,"minecraft:egg":1,"minecraft:furnace":2,"minecraft:raw_iron":20,"minecraft:stick":31,"minecraft:torch":8,"minecraft:pointed_dripstone":3,"minecraft:redstone":36,"minecraft:rotten_flesh":9,"minecraft:arrow":11,"biomesoplenty:jacaranda_log":54,"minecraft:hay_block":24,"artifacts:cross_necklace":1,"minecraft:cobblestone":54,"minecraft:birch_log":34,"minecraft:birch_leaves":3,"minecraft:leather":5,"minecraft:flint":9,"minecraft:oak_log":9,"minecraft:magenta_bed":1,"minecraft:gunpowder":2,"minecraft:lapis_lazuli":35,"minecraft:dirt":123,"minecraft:bone":13,"minecraft:bow":2,"minecraft:wheat_seeds":9,"minecraft:raw_gold":9,"minecraft:oak_planks":2,"minecraft:smooth_basalt":10,"minecraft:pumpkin":8,"minecraft:gravel":101,"minecraft:dripstone_block":11,"minecraft:sand":12,"minecraft:blast_furnace":2,"minecraft:white_bed":2,"minecraft:dark_oak_log":2,"minecraft:spider_eye":1,"minecraft:oak_sapling":1,"minecraft:coal":113},"minecraft:broken":{"minecraft:wooden_shovel":1,"minecraft:stone_sword":1,"minecraft:stone_pickaxe":1,"minecraft:wooden_axe":1},"minecraft:custom":{"minecraft:mob_kills":28,"minecraft:animals_bred":45,"minecraft:interact_with_crafting_table":46,"minecraft:open_barrel":2,"minecraft:interact_with_campfire":12,"minecraft:leave_game":2,"minecraft:time_since_death":13704,"minecraft:sprint_one_cm":582112,"minecraft:walk_one_cm":531341,"minecraft:damage_blocked_by_shield":750,"minecraft:drop":20,"minecraft:talked_to_villager":6,"minecraft:play_time":167489,"minecraft:sneak_time":6377,"minecraft:deaths":4,"minecraft:walk_under_water_one_cm":5453,"minecraft:jump":1752,"minecraft:interact_with_blast_furnace":3,"minecraft:walk_on_water_one_cm":18053,"minecraft:total_world_time":167489,"minecraft:interact_with_furnace":35,"minecraft:sleep_in_bed":7,"minecraft:time_since_rest":13746,"minecraft:waystone_activated":1,"minecraft:damage_taken":2100,"minecraft:damage_dealt":5706,"minecraft:swim_one_cm":7200,"minecraft:fly_one_cm":287778,"minecraft:open_chest":24,"minecraft:crouch_one_cm":21285,"minecraft:fall_one_cm":32025},"minecraft:killed":{"minecraft:spider":6,"minecraft:skeleton":7,"minecraft:drowned":1,"artifacts:mimic":1,"minecraft:creeper":1,"minecraft:zombie":7,"minecraft:cow":4},"minecraft:used":{"minecraft:stone_sword":133,"minecraft:stone_shovel":99,"minecraft:shield":13,"minecraft:wooden_shovel":61,"additionaladditions:glow_stick":1,"minecraft:torch":81,"minecraft:dirt":81,"minecraft:wooden_axe":59,"minecraft:rabbit_stew":1,"minecraft:bow":5,"minecraft:furnace":3,"minecraft:egg":1,"minecraft:cobbled_deepslate":2,"minecraft:pumpkin":1,"minecraft:birch_planks":7,"minecraft:glass_bottle":4,"minecraft:stone_pickaxe":161,"minecraft:wooden_pickaxe":3,"minecraft:crafting_table":9,"minecraft:blast_furnace":1,"minecraft:campfire":2,"minecraft:white_bed":2,"minecraft:dripstone_block":5,"minecraft:shears":2,"minecraft:birch_fence":16,"minecraft:redstone_torch":11,"minecraft:wooden_hoe":25,"minecraft:birch_fence_gate":1,"minecraft:bread":32,"minecraft:iron_pickaxe":184,"minecraft:stone_axe":70,"minecraft:cobblestone":5,"minecraft:potion":39,"minecraft:birch_log":1},"minecraft:dropped":{"minecraft:bread":3,"minecraft:wheat_seeds":8,"minecraft:birch_leaves":2,"minecraft:dripstone_block":6,"minecraft:dirt":1,"minecraft:torch":3,"minecraft:wooden_hoe":1,"paraglider:paraglider":1,"minecraft:bowl":1,"minecraft:rotten_flesh":4,"minecraft:oak_planks":2,"artifacts:cross_necklace":1,"minecraft:bow":1,"minecraft:arrow":1,"minecraft:beef":1}},"DataVersion":3465}