{"stats":{"minecraft:custom":{"minecraft:mob_kills":91,"minecraft:animals_bred":63,"minecraft:interact_with_crafting_table":74,"minecraft:open_barrel":4,"minecraft:interact_with_campfire":12,"minecraft:leave_game":3,"minecraft:time_since_death":80576,"minecraft:climb_one_cm":5615,"minecraft:sprint_one_cm":974310,"minecraft:walk_one_cm":896837,"minecraft:damage_blocked_by_shield":1760,"minecraft:drop":63,"minecraft:talked_to_villager":6,"minecraft:play_time":322575,"minecraft:deaths":13,"minecraft:sneak_time":11365,"minecraft:walk_under_water_one_cm":15030,"minecraft:jump":3308,"minecraft:interact_with_blast_furnace":4,"minecraft:walk_on_water_one_cm":34482,"minecraft:total_world_time":322575,"minecraft:interact_with_furnace":64,"minecraft:interact_with_cartography_table":1,"minecraft:sleep_in_bed":10,"minecraft:time_since_rest":43871,"minecraft:waystone_activated":1,"minecraft:damage_taken":5445,"minecraft:damage_absorbed":20,"minecraft:damage_dealt":14683,"minecraft:swim_one_cm":89431,"minecraft:fly_one_cm":452223,"minecraft:open_chest":92,"minecraft:crouch_one_cm":32561,"minecraft:fall_one_cm":71625},"minecraft:used":{"minecraft:stone_sword":160,"minecraft:stone_shovel":100,"minecraft:shield":37,"additionaladditions:rope":7,"minecraft:iron_sword":133,"minecraft:wooden_shovel":61,"minecraft:rotten_flesh":5,"minecraft:torch":135,"additionaladditions:glow_stick":19,"minecraft:dirt":114,"minecraft:anvil":1,"minecraft:tuff":6,"minecraft:granite":8,"minecraft:wooden_axe":59,"minecraft:rabbit_stew":1,"minecraft:bow":5,"minecraft:furnace":3,"minecraft:egg":1,"minecraft:cooked_beef":15,"minecraft:cobbled_deepslate":115,"minecraft:pumpkin":2,"minecraft:water_bucket":6,"minecraft:diorite":11,"minecraft:birch_planks":11,"minecraft:glass_bottle":4,"minecraft:stone_pickaxe":283,"minecraft:oak_planks":9,"minecraft:wooden_pickaxe":12,"minecraft:sugar_cane":5,"minecraft:golden_apple":1,"minecraft:glow_berries":8,"minecraft:crafting_table":12,"minecraft:blast_furnace":2,"minecraft:white_bed":3,"minecraft:campfire":2,"minecraft:dripstone_block":9,"biomesoplenty:jacaranda_planks":4,"minecraft:shears":2,"minecraft:birch_fence":16,"minecraft:redstone_torch":11,"minecraft:wooden_hoe":25,"minecraft:birch_fence_gate":1,"minecraft:bread":32,"minecraft:iron_pickaxe":599,"minecraft:gravel":3,"minecraft:stone_axe":70,"minecraft:cobblestone":134,"minecraft:potion":65,"minecraft:bucket":7,"minecraft:andesite":8,"minecraft:birch_log":1},"minecraft:picked_up":{"minecraft:mud":2,"minecraft:crafting_table":9,"minecraft:wheat":1,"minecraft:azure_bluet":1,"minecraft:anvil":1,"minecraft:rabbit_stew":1,"minecraft:oak_stairs":1,"biomesoplenty:jacaranda_sapling":32,"minecraft:potion":12,"minecraft:string":8,"minecraft:raw_copper":57,"artifacts:feral_claws":1,"minecraft:birch_fence":1,"paraglider:deku_leaf":1,"minecraft:cobbled_deepslate":260,"minecraft:beef":44,"minecraft:redstone_torch":2,"minecraft:iron_pickaxe":1,"minecraft:sugar_cane":15,"minecraft:birch_sapling":22,"minecraft:egg":1,"minecraft:furnace":2,"minecraft:stick":39,"minecraft:raw_iron":57,"minecraft:torch":15,"minecraft:pointed_dripstone":3,"minecraft:diorite":13,"minecraft:redstone":50,"minecraft:rotten_flesh":44,"minecraft:arrow":15,"additionaladditions:glow_stick":15,"biomesoplenty:jacaranda_log":54,"minecraft:hay_block":30,"artifacts:cross_necklace":1,"minecraft:cobblestone":182,"minecraft:birch_log":34,"minecraft:birch_leaves":3,"minecraft:cooked_beef":2,"minecraft:water_bucket":1,"minecraft:andesite":23,"minecraft:leather":23,"minecraft:birch_planks":21,"minecraft:flint":9,"minecraft:tuff":6,"minecraft:oak_log":14,"minecraft:magenta_bed":1,"minecraft:gunpowder":2,"alexsmobs:rocky_shell":1,"minecraft:lapis_lazuli":91,"minecraft:dirt":216,"artifacts:flippers":1,"minecraft:bone":18,"minecraft:bow":2,"minecraft:wheat_seeds":12,"additionaladditions:rope":52,"minecraft:raw_gold":19,"minecraft:iron_ingot":18,"minecraft:glass_bottle":1,"minecraft:oak_planks":11,"minecraft:smooth_basalt":10,"minecraft:pumpkin":9,"minecraft:dripstone_block":32,"minecraft:gravel":105,"minecraft:sand":12,"minecraft:blast_furnace":2,"minecraft:white_bed":3,"minecraft:dark_oak_log":2,"minecraft:spider_eye":1,"minecraft:stone_axe":1,"minecraft:granite":18,"minecraft:oak_sapling":1,"minecraft:coal":125},"minecraft:crafted":{"minecraft:cherry_planks":4,"minecraft:oak_planks":44,"minecraft:stone_shovel":1,"minecraft:furnace":2,"paraglider:deku_leaf":1,"minecraft:glass":12,"minecraft:iron_boots":1,"additionaladditions:rope":2,"minecraft:birch_fence_gate":1,"minecraft:stone_pickaxe":4,"minecraft:wheat":270,"minecraft:cooked_beef":43,"paraglider:paraglider":2,"minecraft:glass_bottle":12,"minecraft:wooden_shovel":1,"biomesoplenty:jacaranda_planks":8,"minecraft:crafting_table":5,"minecraft:wooden_pickaxe":2,"minecraft:iron_helmet":1,"minecraft:iron_sword":1,"minecraft:copper_ingot":22,"minecraft:birch_planks":132,"minecraft:campfire":2,"minecraft:stone_axe":1,"minecraft:bread":36,"minecraft:air":0,"minecraft:potion":48,"minecraft:iron_chestplate":1,"minecraft:wooden_hoe":1,"minecraft:charcoal":2,"minecraft:shield":1,"minecraft:birch_fence":36,"minecraft:stick":88,"minecraft:iron_ingot":23,"minecraft:iron_pickaxe":3,"minecraft:wooden_axe":1,"minecraft:stone_sword":1,"additionaladditions:watering_can":1,"minecraft:gold_ingot":10,"minecraft:iron_leggings":1,"minecraft:redstone_torch":9,"minecraft:torch":124,"minecraft:shears":1},"minecraft:killed_by":{"minecraft:creeper":1,"minecraft:skeleton":1,"minecraft:zombie":8},"minecraft:broken":{"minecraft:wooden_shovel":1,"minecraft:stone_sword":2,"minecraft:stone_pickaxe":1,"minecraft:iron_pickaxe":2,"minecraft:wooden_axe":1},"minecraft:killed":{"minecraft:spider":7,"minecraft:skeleton":10,"minecraft:drowned":1,"alexsmobs:rocky_roller":1,"artifacts:mimic":2,"minecraft:zombie_villager":1,"minecraft:creeper":2,"minecraft:zombie":40,"minecraft:cow":23},"minecraft:mined":{"minecraft:tuff":7,"minecraft:white_bed":3,"minecraft:granite":21,"minecraft:grass_block":75,"additionaladditions:rope":4,"minecraft:hay_block":30,"biomesoplenty:jacaranda_log":58,"minecraft:furnace":2,"additionaladditions:glow_stick":14,"minecraft:cobbled_deepslate":21,"minecraft:iron_ore":47,"minecraft:fire":8,"minecraft:andesite":24,"minecraft:pumpkin":9,"minecraft:deepslate_lapis_ore":6,"minecraft:anvil":1,"minecraft:azure_bluet":1,"minecraft:pointed_dripstone":4,"minecraft:deepslate_iron_ore":10,"minecraft:dirt_path":2,"minecraft:stone":196,"minecraft:redstone_wall_torch":2,"minecraft:deepslate_redstone_ore":11,"minecraft:crafting_table":8,"minecraft:torch":4,"minecraft:blast_furnace":2,"minecraft:calcite":6,"minecraft:cobblestone":2,"minecraft:tall_grass":11,"minecraft:copper_ore":6,"minecraft:lapis_ore":9,"minecraft:deepslate_gold_ore":19,"minecraft:sugar_cane":8,"minecraft:diorite":14,"minecraft:wall_torch":6,"minecraft:amethyst_block":1,"minecraft:deepslate_copper_ore":9,"minecraft:mud":2,"minecraft:birch_log":31,"minecraft:birch_leaves":2,"minecraft:grass":30,"minecraft:oak_log":11,"minecraft:coal_ore":119,"minecraft:dripstone_block":31,"minecraft:gravel":109,"minecraft:sand":12,"minecraft:dirt":59,"minecraft:smooth_basalt":6,"minecraft:red_mushroom_block":1,"minecraft:birch_fence":1,"minecraft:deepslate":262},"minecraft:dropped":{"minecraft:bread":3,"minecraft:wheat_seeds":8,"minecraft:birch_leaves":2,"minecraft:cooked_beef":3,"minecraft:glass_bottle":1,"minecraft:dripstone_block":6,"minecraft:cobblestone":4,"minecraft:granite":4,"minecraft:stick":16,"minecraft:dirt":6,"minecraft:diorite":2,"minecraft:torch":3,"minecraft:wooden_hoe":1,"minecraft:potion":1,"paraglider:paraglider":1,"minecraft:stone_axe":2,"minecraft:cobbled_deepslate":19,"minecraft:bowl":1,"minecraft:wheat":1,"minecraft:rotten_flesh":16,"minecraft:oak_planks":2,"additionaladditions:watering_can":1,"paraglider:deku_leaf":1,"artifacts:cross_necklace":1,"minecraft:beef":1,"minecraft:arrow":1,"minecraft:bow":2}},"DataVersion":3465}