{"stats":{"minecraft:custom":{"minecraft:animals_bred":87,"minecraft:interact_with_crafting_table":177,"minecraft:open_barrel":4,"minecraft:bell_ring":4,"minecraft:leave_game":7,"minecraft:time_since_death":177824,"minecraft:sprint_one_cm":2485866,"minecraft:damage_blocked_by_shield":2790,"minecraft:drop":106,"minecraft:talked_to_villager":91,"minecraft:play_time":721865,"minecraft:deaths":17,"minecraft:jump":6808,"minecraft:walk_on_water_one_cm":48865,"minecraft:interact_with_furnace":148,"minecraft:traded_with_villager":51,"minecraft:interact_with_cartography_table":1,"minecraft:sleep_in_bed":31,"minecraft:waystone_activated":2,"minecraft:damage_dealt":31382,"minecraft:player_kills":1,"minecraft:crouch_one_cm":47508,"minecraft:interact_with_smithing_table":2,"minecraft:mob_kills":187,"minecraft:interact_with_campfire":12,"minecraft:climb_one_cm":5798,"minecraft:walk_one_cm":2131571,"minecraft:damage_dealt_absorbed":279,"minecraft:sneak_time":16428,"minecraft:walk_under_water_one_cm":20974,"minecraft:interact_with_blast_furnace":31,"minecraft:total_world_time":721865,"minecraft:time_since_rest":46413,"minecraft:damage_taken":9842,"minecraft:damage_absorbed":20,"minecraft:swim_one_cm":97880,"minecraft:fly_one_cm":1079031,"minecraft:open_chest":320,"minecraft:fall_one_cm":144740},"minecraft:killed":{"minecraft:cave_spider":14,"minecraft:witch":1,"minecraft:spider":11,"minecraft:skeleton":20,"artifacts:mimic":2,"alexsmobs:grizzly_bear":1,"minecraft:zombie_villager":1,"minecraft:creeper":6,"minecraft:zombie":75,"alexsmobs:fly":1,"minecraft:cow":38,"minecraft:drowned":1,"alexsmobs:rocky_roller":1,"minecraft:enderman":3},"minecraft:crafted":{"minecraft:smooth_stone":6,"minecraft:oak_planks":44,"minecraft:cobblestone_slab":6,"minecraft:birch_slab":6,"minecraft:stone":19,"additionaladditions:rose_gold_alloy":4,"minecraft:bookshelf":1,"additionaladditions:rose_gold_boots":1,"paraglider:deku_leaf":1,"minecraft:glass":12,"minecraft:iron_boots":2,"minecraft:birch_fence_gate":1,"minecraft:chest":30,"minecraft:stone_hoe":1,"minecraft:glass_bottle":18,"minecraft:dropper":2,"minecraft:item_frame":17,"storagenetwork:kabel":16,"minecraft:wooden_shovel":1,"minecraft:emerald":50,"sophisticatedbackpacks:backpack":2,"biomesoplenty:jacaranda_planks":16,"minecraft:crafting_table":14,"minecraft:wooden_pickaxe":2,"minecraft:iron_helmet":2,"minecraft:smithing_table":1,"minecraft:copper_ingot":73,"minecraft:fletching_table":1,"minecraft:birch_planks":1612,"additionaladditions:rose_gold_leggings":1,"minecraft:campfire":3,"additionaladditions:rose_gold_chestplate":1,"minecraft:lectern":1,"minecraft:wooden_hoe":1,"minecraft:iron_chestplate":2,"minecraft:book":4,"minecraft:paper":21,"minecraft:charcoal":29,"minecraft:shield":1,"minecraft:birch_fence":36,"minecraft:stick":1987,"minecraft:stone_slab":12,"minecraft:iron_ingot":98,"additionaladditions:rose_gold_helmet":1,"minecraft:iron_pickaxe":7,"minecraft:stone_sword":2,"additionaladditions:watering_can":1,"minecraft:gold_ingot":52,"minecraft:redstone_torch":9,"minecraft:shears":1,"minecraft:cherry_planks":4,"minecraft:stone_shovel":4,"minecraft:smooth_stone_slab":6,"minecraft:iron_nugget":9,"minecraft:furnace":5,"minecraft:bone_meal":21,"additionaladditions:rope":2,"minecraft:iron_axe":1,"minecraft:stone_pickaxe":4,"minecraft:dark_oak_planks":32,"sophisticatedbackpacks:iron_backpack":2,"minecraft:wheat":270,"minecraft:cooked_beef":64,"paraglider:paraglider":2,"minecraft:iron_sword":2,"minecraft:stone_axe":3,"minecraft:enchanted_book":1,"minecraft:bread":37,"minecraft:air":0,"minecraft:potion":75,"additionaladditions:rose_gold_upgrade":8,"storagenetwork:inventory":2,"minecraft:wooden_axe":1,"minecraft:iron_shovel":2,"minecraft:iron_leggings":2,"minecraft:armor_stand":3,"storagenetwork:request":1,"storagenetwork:storage_kabel":8,"minecraft:torch":276},"minecraft:picked_up":{"storagenetwork:storage_kabel":6,"minecraft:wheat":1,"minecraft:anvil":1,"minecraft:stone_slab":6,"minecraft:oak_stairs":3,"minecraft:potion":28,"minecraft:amethyst_block":6,"minecraft:string":85,"minecraft:raw_copper":108,"paraglider:deku_leaf":1,"minecraft:cobbled_deepslate":361,"minecraft:redstone_torch":2,"minecraft:cobblestone_slab":1,"minecraft:iron_pickaxe":1,"minecraft:furnace":3,"minecraft:stick":130,"minecraft:oak_fence":2,"minecraft:torch":26,"minecraft:pointed_dripstone":3,"minecraft:diorite":30,"minecraft:rotten_flesh":90,"minecraft:cobblestone":601,"minecraft:birch_log":442,"minecraft:lilac":1,"minecraft:cooked_beef":2,"minecraft:birch_slab":2,"minecraft:cherry_planks":25,"minecraft:water_bucket":1,"minecraft:andesite":30,"minecraft:potato":58,"paraglider:spirit_orb":4,"minecraft:flint":9,"minecraft:tuff":22,"minecraft:magenta_bed":1,"alexsmobs:rocky_shell":1,"minecraft:lapis_lazuli":141,"minecraft:dirt":989,"artifacts:flippers":1,"minecraft:name_tag":1,"minecraft:bone":23,"minecraft:bow":4,"minecraft:wheat_seeds":43,"additionaladditions:rope":52,"minecraft:raw_gold":61,"minecraft:fletching_table":11,"minecraft:oak_planks":18,"endrem:lost_eye":2,"minecraft:sand":36,"minecraft:grass_block":3,"minecraft:dark_oak_log":2,"minecraft:bundle":1,"minecraft:granite":41,"minecraft:emerald":2,"alexsmobs:maggot":1,"minecraft:oak_sapling":1,"minecraft:mud":2,"minecraft:crafting_table":14,"minecraft:allium":1,"minecraft:azure_bluet":102,"storagenetwork:request":1,"minecraft:rabbit_stew":1,"biomesoplenty:jacaranda_sapling":32,"minecraft:shield":1,"artifacts:feral_claws":1,"minecraft:item_frame":14,"minecraft:iron_shovel":1,"minecraft:birch_fence":1,"additionaladditions:chicken_nugget":1,"minecraft:beef":66,"minecraft:poppy":4,"minecraft:lectern":19,"minecraft:sugar_cane":285,"minecraft:chest":24,"minecraft:birch_sapling":128,"minecraft:egg":1,"minecraft:raw_iron":114,"minecraft:stone":6,"minecraft:oak_door":1,"minecraft:carrot":13,"minecraft:redstone":68,"storagenetwork:inventory":1,"minecraft:arrow":24,"additionaladditions:glow_stick":20,"biomesoplenty:jacaranda_log":54,"minecraft:hay_block":30,"artifacts:cross_necklace":1,"sophisticatedbackpacks:copper_backpack":1,"minecraft:birch_leaves":3,"minecraft:leather":36,"minecraft:birch_planks":68,"biomesoplenty:jacaranda_door":1,"minecraft:oak_log":14,"biomesoplenty:jacaranda_planks":1,"minecraft:gunpowder":4,"minecraft:cobblestone_stairs":1,"minecraft:iron_ingot":25,"minecraft:glass_bottle":1,"minecraft:pink_bed":1,"minecraft:smooth_basalt":10,"minecraft:pumpkin":9,"minecraft:dripstone_block":39,"minecraft:gravel":111,"minecraft:amethyst_shard":44,"minecraft:blast_furnace":6,"minecraft:white_bed":4,"minecraft:spider_eye":6,"minecraft:stone_axe":4,"minecraft:coal":196,"minecraft:ender_pearl":1},"minecraft:killed_by":{"minecraft:creeper":2,"minecraft:zombie":8,"alexsmobs:rocky_roller":1,"minecraft:iron_golem":1,"alexsmobs:centipede_head":1,"minecraft:skeleton":1},"minecraft:mined":{"minecraft:large_amethyst_bud":1,"minecraft:white_bed":4,"minecraft:pink_bed":1,"minecraft:cobblestone_stairs":1,"minecraft:granite":49,"minecraft:grass_block":756,"minecraft:spawner":2,"additionaladditions:glow_stick":19,"minecraft:iron_ore":63,"minecraft:cobbled_deepslate":21,"minecraft:fire":8,"minecraft:pumpkin":9,"minecraft:fletching_table":11,"minecraft:deepslate_lapis_ore":10,"minecraft:anvil":1,"minecraft:azure_bluet":46,"minecraft:pointed_dripstone":4,"minecraft:dirt_path":3,"minecraft:oak_stairs":1,"minecraft:tripwire":2,"minecraft:deepslate_redstone_ore":11,"biomesoplenty:jacaranda_planks":1,"minecraft:amethyst_cluster":5,"storagenetwork:inventory":1,"minecraft:torch":6,"minecraft:blast_furnace":6,"storagenetwork:request":1,"minecraft:calcite":6,"minecraft:poppy":2,"minecraft:chest":25,"minecraft:cobblestone":39,"minecraft:sugar_cane":233,"minecraft:oak_planks":8,"minecraft:wall_torch":14,"minecraft:amethyst_block":7,"minecraft:deepslate_copper_ore":12,"minecraft:mud":2,"minecraft:birch_log":441,"minecraft:lilac":1,"minecraft:grass":175,"minecraft:oak_log":11,"minecraft:sand":36,"minecraft:dirt":116,"minecraft:smooth_basalt":6,"minecraft:red_mushroom_block":1,"minecraft:oak_leaves":1,"minecraft:deepslate":358,"minecraft:tuff":23,"additionaladditions:rope":4,"minecraft:birch_slab":2,"minecraft:hay_block":30,"biomesoplenty:jacaranda_log":58,"minecraft:redstone_ore":4,"minecraft:furnace":3,"minecraft:carrots":4,"minecraft:andesite":39,"minecraft:potatoes":15,"minecraft:deepslate_iron_ore":44,"minecraft:cobblestone_slab":1,"minecraft:rail":2,"minecraft:stone":530,"minecraft:redstone_wall_torch":2,"minecraft:cherry_planks":27,"minecraft:oak_fence":2,"minecraft:crafting_table":13,"minecraft:emerald_ore":1,"storagenetwork:storage_kabel":6,"minecraft:lectern":19,"minecraft:tall_grass":35,"minecraft:copper_ore":12,"minecraft:lapis_ore":12,"minecraft:deepslate_gold_ore":42,"minecraft:diorite":31,"minecraft:birch_planks":21,"minecraft:birch_leaves":4,"minecraft:coal_ore":166,"minecraft:gravel":115,"minecraft:dripstone_block":37,"minecraft:cobweb":56,"minecraft:gold_ore":3,"minecraft:birch_fence":1},"minecraft:broken":{"minecraft:iron_shovel":1,"minecraft:wooden_shovel":1,"minecraft:stone_pickaxe":1,"minecraft:stone_axe":1,"minecraft:iron_sword":2,"minecraft:wooden_axe":1,"minecraft:stone_shovel":3,"minecraft:stone_sword":2,"minecraft:shield":1,"minecraft:iron_axe":1,"minecraft:iron_pickaxe":3,"minecraft:iron_helmet":1},"minecraft:dropped":{"sophisticatedbackpacks:iron_backpack":1,"minecraft:cooked_beef":10,"minecraft:glass_bottle":1,"minecraft:dirt":6,"minecraft:dark_oak_log":25,"paraglider:paraglider":1,"minecraft:stone_axe":2,"minecraft:cobbled_deepslate":19,"minecraft:wheat":1,"minecraft:rotten_flesh":16,"minecraft:oak_planks":2,"paraglider:deku_leaf":1,"minecraft:arrow":1,"minecraft:beef":1,"minecraft:bread":3,"minecraft:birch_leaves":2,"minecraft:wheat_seeds":9,"minecraft:dripstone_block":6,"minecraft:cobblestone":5,"minecraft:granite":4,"minecraft:grass_block":1,"minecraft:stick":16,"minecraft:diorite":2,"minecraft:wooden_hoe":1,"minecraft:torch":4,"minecraft:cherry_planks":1,"minecraft:potion":1,"minecraft:iron_shovel":2,"minecraft:bowl":1,"additionaladditions:watering_can":1,"minecraft:shield":1,"artifacts:cross_necklace":1,"minecraft:bow":4},"minecraft:used":{"minecraft:iron_shovel":259,"minecraft:chest":49,"minecraft:shield":57,"additionaladditions:rope":7,"minecraft:iron_sword":455,"minecraft:rotten_flesh":9,"minecraft:carrot":11,"minecraft:tuff":6,"minecraft:grass_block":1,"minecraft:item_frame":26,"minecraft:rabbit_stew":1,"minecraft:bow":5,"minecraft:furnace":6,"minecraft:egg":1,"minecraft:potato":31,"storagenetwork:storage_kabel":6,"minecraft:diorite":17,"minecraft:oak_planks":9,"minecraft:stone_pickaxe":283,"minecraft:wooden_pickaxe":12,"minecraft:sugar_cane":80,"minecraft:cookie":4,"minecraft:golden_apple":1,"minecraft:glow_berries":8,"minecraft:blast_furnace":6,"minecraft:dripstone_block":9,"biomesoplenty:jacaranda_planks":4,"minecraft:shears":2,"minecraft:birch_fence":16,"minecraft:redstone_torch":11,"minecraft:birch_fence_gate":1,"minecraft:birch_slab":2,"minecraft:bread":34,"minecraft:string":2,"minecraft:lectern":20,"minecraft:gravel":3,"minecraft:smithing_table":1,"minecraft:andesite":8,"minecraft:birch_log":1,"minecraft:air":1,"minecraft:bone_meal":21,"minecraft:stone_sword":231,"minecraft:armor_stand":1,"minecraft:stone_shovel":532,"storagenetwork:request":1,"minecraft:wooden_shovel":61,"minecraft:stone_hoe":40,"endrem:lost_eye":1,"minecraft:torch":270,"additionaladditions:glow_stick":24,"minecraft:dirt":692,"minecraft:anvil":1,"additionaladditions:chicken_nugget":1,"minecraft:granite":8,"alexsmobs:maggot":1,"minecraft:wooden_axe":59,"minecraft:iron_axe":288,"minecraft:cooked_beef":43,"minecraft:cobbled_deepslate":124,"minecraft:pumpkin":2,"minecraft:wheat_seeds":16,"biomesoplenty:jacaranda_door":1,"minecraft:water_bucket":42,"minecraft:cobblestone_stairs":1,"storagenetwork:inventory":1,"minecraft:birch_planks":259,"minecraft:glass_bottle":27,"minecraft:cherry_planks":6,"minecraft:fletching_table":12,"minecraft:cobblestone_slab":7,"minecraft:crafting_table":23,"minecraft:white_bed":4,"minecraft:campfire":3,"minecraft:wooden_hoe":25,"minecraft:iron_pickaxe":1347,"minecraft:stone_axe":382,"minecraft:pink_bed":1,"minecraft:cobblestone":357,"minecraft:potion":126,"minecraft:bucket":43}},"DataVersion":3465}